Project,TotalRating,MinRating,MaxRating,AverageRating
P1,28,1,1,1
P2,33,1,3,1.1785714285714286
P3,31,1,3,1.1071428571428572
P4,31,1,3,1.1071428571428572
P5,28,1,2,1.12
P6,31,1,2,1.1071428571428572
P7,26,1,2,1.04
P8,31,1,4,1.1481481481481481
P9,31,1,2,1.1481481481481481
P10,30,1,2,1.0714285714285714
P11,28,1,2,1.037037037037037
P12,30,1,2,1.1111111111111112
P13,26,1,3,1.3
P14,30,1,2,1.0714285714285714
P15,25,1,1,1
